customer_id,customer_type,registration_date,country,customer_segment
1,New,2024-04-01,Switzerland,Standard
2,Existing,2024-01-06,Germany,Standard
3,New,2025-05-22,Switzerland,Standard
4,Existing,2022-11-29,Switzerland,Premium
5,New,2025-10-11,Switzerland,Premium
6,New,2024-12-15,Austria,Premium
7,New,2024-06-10,Switzerland,Premium
8,New,2024-10-28,Austria,Premium
9,Existing,2022-04-14,Germany,Standard
10,Existing,2024-11-13,Austria,Standard
11,New,2025-12-19,Switzerland,Standard
12,New,2024-08-14,Switzerland,Standard
13,New,2022-10-30,Switzerland,Standard
14,New,2024-03-27,Switzerland,Standard
15,New,2023-07-18,Germany,Standard
16,New,2023-03-24,Switzerland,Standard
17,Existing,2025-06-19,Austria,Standard
18,New,2024-02-05,Germany,Premium
19,New,2022-07-09,Austria,Standard
20,Existing,2023-09-09,Switzerland,Premium
21,Existing,2023-07-26,Germany,Standard
22,New,2022-10-11,Switzerland,Standard
23,Existing,2025-06-09,Austria,Premium
24,Existing,2024-08-11,Germany,Premium
25,New,2022-06-06,Germany,Premium
26,New,2025-11-26,Germany,Premium
27,New,2023-07-14,Germany,Standard
28,New,2025-05-04,Switzerland,Standard
29,Existing,2025-04-26,Austria,Standard
30,Existing,2022-12-14,Switzerland,Premium
31,New,2022-03-08,Switzerland,Standard
32,Existing,2024-05-25,Germany,Premium
33,New,2023-07-30,Switzerland,Standard
34,Existing,2025-10-04,Germany,Premium
35,Existing,2025-01-28,Germany,Premium
36,Existing,2023-11-24,Austria,Standard
37,Existing,2022-11-05,Germany,Premium
38,New,2025-02-13,Germany,Premium
39,New,2022-03-25,Germany,Standard
40,Existing,2022-01-08,Switzerland,Standard
41,Existing,2023-01-16,Germany,Premium
42,Existing,2023-09-12,Germany,Premium
43,New,2022-01-21,Austria,Standard
44,New,2022-09-05,Switzerland,Standard
45,Existing,2025-05-25,Germany,Premium
46,New,2024-10-14,Switzerland,Standard
47,New,2022-11-02,Germany,Standard
48,New,2025-08-26,Germany,Standard
49,New,2025-09-15,Germany,Standard
50,New,2025-12-10,Austria,Standard
51,Existing,2022-09-14,Germany,Premium
52,Existing,2024-12-09,Germany,Standard
53,Existing,2024-05-09,Switzerland,Standard
54,New,2024-05-05,Austria,Standard
55,New,2024-02-21,Switzerland,Standard
56,Existing,2023-12-11,Austria,Premium
57,Existing,2025-03-30,Switzerland,Premium
58,Existing,2022-11-06,Austria,Premium
59,Existing,2022-09-03,Switzerland,Premium
60,Existing,2023-12-27,Switzerland,Standard
61,Existing,2024-01-07,Germany,Premium
62,New,2022-03-11,Switzerland,Standard
63,Existing,2025-12-10,Austria,Premium
64,Existing,2022-12-04,Austria,Standard
65,Existing,2025-04-11,Germany,Standard
66,Existing,2025-12-19,Austria,Standard
67,New,2022-08-10,Austria,Standard
68,Existing,2022-02-19,Switzerland,Standard
69,New,2024-11-26,Austria,Premium
70,Existing,2023-07-04,Austria,Standard
71,New,2024-01-05,Austria,Premium
72,New,2024-12-12,Germany,Premium
73,New,2023-03-07,Germany,Standard
74,Existing,2024-04-14,Switzerland,Premium
75,Existing,2022-12-09,Germany,Standard
76,Existing,2025-06-04,Austria,Premium
77,New,2022-05-23,Germany,Standard
78,New,2024-01-25,Germany,Premium
79,New,2025-07-10,Austria,Standard
80,New,2024-06-07,Germany,Standard
81,Existing,2023-10-21,Austria,Premium
82,New,2024-01-19,Austria,Standard
83,Existing,2022-10-29,Switzerland,Premium
84,Existing,2024-07-14,Switzerland,Premium
85,New,2022-05-08,Austria,Standard
86,Existing,2023-09-13,Germany,Premium
87,Existing,2024-03-24,Germany,Premium
88,New,2023-02-27,Germany,Premium
89,Existing,2023-02-12,Germany,Premium
90,New,2022-05-29,Austria,Standard
91,Existing,2022-06-14,Austria,Standard
92,New,2022-10-25,Austria,Premium
93,New,2023-09-09,Austria,Premium
94,New,2024-05-15,Switzerland,Premium
95,New,2023-01-02,Germany,Standard
96,Existing,2023-10-27,Switzerland,Standard
97,Existing,2025-06-23,Germany,Standard
98,New,2023-07-13,Austria,Standard
99,New,2024-12-24,Germany,Standard
100,New,2024-08-01,Austria,Standard
101,New,2025-04-07,Switzerland,Premium
102,Existing,2024-08-01,Germany,Standard
103,New,2023-01-22,Switzerland,Standard
104,Existing,2024-11-12,Germany,Premium
105,New,2022-12-15,Austria,Standard
106,New,2022-06-26,Germany,Premium
107,Existing,2023-08-27,Switzerland,Standard
108,New,2025-08-31,Germany,Standard
109,New,2024-08-29,Austria,Premium
110,Existing,2025-08-22,Switzerland,Premium
111,Existing,2025-07-26,Switzerland,Premium
112,New,2025-03-29,Switzerland,Premium
113,New,2022-08-31,Austria,Premium
114,New,2024-04-30,Germany,Standard
115,Existing,2025-09-26,Germany,Premium
116,Existing,2022-02-22,Switzerland,Standard
117,Existing,2024-05-03,Germany,Premium
118,New,2023-06-29,Switzerland,Standard
119,New,2023-03-22,Austria,Premium
120,New,2024-07-18,Switzerland,Standard
121,New,2024-12-15,Germany,Premium
122,Existing,2022-11-13,Germany,Premium
123,New,2022-09-12,Germany,Standard
124,Existing,2025-12-10,Switzerland,Standard
125,Existing,2023-09-20,Switzerland,Standard
126,New,2023-11-04,Germany,Premium
127,New,2022-08-30,Switzerland,Premium
128,Existing,2025-11-12,Switzerland,Standard
129,New,2022-11-19,Germany,Standard
130,New,2025-04-13,Switzerland,Standard
131,New,2022-08-11,Austria,Standard
132,New,2022-07-03,Switzerland,Premium
133,Existing,2022-10-11,Austria,Premium
134,Existing,2025-01-11,Germany,Premium
135,New,2024-07-30,Switzerland,Standard
136,New,2025-08-27,Switzerland,Premium
137,Existing,2022-10-19,Germany,Standard
138,New,2025-02-13,Switzerland,Premium
139,Existing,2025-12-30,Austria,Premium
140,New,2022-06-30,Germany,Standard
141,New,2024-01-27,Austria,Premium
142,Existing,2023-02-11,Germany,Standard
143,Existing,2022-04-12,Switzerland,Premium
144,Existing,2022-04-03,Switzerland,Premium
145,Existing,2022-11-24,Germany,Premium
146,Existing,2022-10-15,Switzerland,Premium
147,New,2022-09-15,Germany,Standard
148,Existing,2025-11-30,Austria,Standard
149,Existing,2024-01-09,Austria,Premium
150,New,2025-01-06,Germany,Premium
151,New,2023-07-17,Germany,Standard
152,Existing,2022-09-18,Austria,Premium
153,New,2023-02-15,Austria,Premium
154,New,2024-02-27,Austria,Standard
155,Existing,2023-04-01,Austria,Premium
156,New,2025-07-02,Switzerland,Standard
157,New,2025-10-17,Switzerland,Standard
158,Existing,2024-11-07,Switzerland,Standard
159,Existing,2024-07-21,Germany,Standard
160,Existing,2023-07-05,Switzerland,Standard
161,Existing,2022-02-04,Austria,Standard
162,New,2025-09-18,Austria,Premium
163,New,2023-06-16,Switzerland,Premium
164,New,2024-03-07,Austria,Premium
165,New,2022-03-02,Austria,Premium
166,New,2024-11-04,Germany,Premium
167,New,2025-07-20,Germany,Premium
168,New,2024-09-19,Austria,Standard
169,Existing,2025-04-28,Germany,Premium
170,Existing,2025-08-02,Austria,Premium
171,Existing,2025-12-09,Switzerland,Standard
172,Existing,2024-07-29,Germany,Standard
173,New,2025-02-20,Germany,Premium
174,New,2024-04-12,Germany,Standard
175,New,2024-10-28,Germany,Standard
176,New,2023-10-17,Switzerland,Standard
177,Existing,2024-08-29,Switzerland,Standard
178,New,2025-06-13,Germany,Premium
179,Existing,2022-07-01,Austria,Standard
180,Existing,2023-10-12,Switzerland,Standard
181,New,2025-03-25,Austria,Premium
182,Existing,2023-09-19,Germany,Premium
183,New,2025-07-24,Austria,Premium
184,Existing,2022-06-29,Austria,Standard
185,New,2025-06-27,Germany,Premium
186,New,2022-11-06,Germany,Premium
187,New,2024-11-01,Austria,Standard
188,Existing,2024-04-15,Austria,Standard
189,New,2022-07-24,Switzerland,Premium
190,New,2025-11-23,Austria,Premium
191,New,2024-02-16,Switzerland,Standard
192,New,2024-03-03,Switzerland,Standard
193,New,2025-08-21,Germany,Standard
194,New,2024-09-12,Austria,Premium
195,Existing,2024-01-19,Austria,Standard
196,New,2024-07-19,Germany,Standard
197,New,2023-04-08,Austria,Premium
198,Existing,2022-06-08,Germany,Premium
199,Existing,2023-05-27,Switzerland,Premium
200,New,2022-04-17,Germany,Standard
201,Existing,2024-03-18,Austria,Premium
202,New,2023-05-10,Switzerland,Standard
203,Existing,2023-04-19,Germany,Premium
204,Existing,2023-03-22,Germany,Standard
205,Existing,2025-05-13,Germany,Premium
206,New,2024-06-14,Austria,Standard
207,Existing,2024-10-27,Switzerland,Standard
208,New,2025-10-10,Germany,Premium
209,Existing,2023-07-19,Germany,Premium
210,Existing,2023-02-01,Switzerland,Premium
211,Existing,2025-10-12,Germany,Premium
212,New,2025-08-27,Germany,Premium
213,Existing,2022-12-14,Switzerland,Standard
214,Existing,2024-09-18,Germany,Premium
215,Existing,2024-01-30,Austria,Premium
216,Existing,2024-02-05,Switzerland,Standard
217,Existing,2025-08-21,Germany,Standard
218,Existing,2022-11-09,Switzerland,Standard
219,New,2023-07-30,Switzerland,Premium
220,Existing,2024-07-07,Germany,Premium
221,Existing,2022-04-23,Switzerland,Premium
222,Existing,2023-04-20,Germany,Standard
223,Existing,2023-04-22,Switzerland,Standard
224,New,2025-03-19,Austria,Premium
225,Existing,2024-08-31,Switzerland,Standard
226,New,2024-06-29,Austria,Standard
227,New,2024-12-04,Austria,Standard
228,New,2023-11-04,Switzerland,Premium
229,Existing,2024-09-27,Switzerland,Premium
230,Existing,2024-03-26,Austria,Premium
231,Existing,2025-09-16,Germany,Standard
232,Existing,2024-04-24,Austria,Standard
233,New,2022-09-17,Germany,Standard
234,Existing,2022-01-22,Germany,Premium
235,Existing,2024-04-05,Germany,Standard
236,Existing,2023-08-24,Austria,Standard
237,New,2023-08-22,Switzerland,Premium
238,Existing,2022-03-07,Germany,Standard
239,New,2022-07-08,Switzerland,Premium
240,New,2022-06-17,Austria,Standard
241,Existing,2023-06-30,Switzerland,Premium
242,New,2022-01-25,Switzerland,Standard
243,New,2022-05-19,Switzerland,Standard
244,New,2025-02-12,Germany,Premium
245,Existing,2025-11-11,Switzerland,Premium
246,Existing,2025-03-16,Austria,Standard
247,Existing,2024-12-05,Switzerland,Premium
248,New,2024-12-22,Switzerland,Premium
249,Existing,2023-05-05,Germany,Premium
250,New,2025-08-17,Switzerland,Premium
251,Existing,2025-09-29,Germany,Standard
252,Existing,2023-02-20,Switzerland,Standard
253,Existing,2022-02-20,Austria,Premium
254,Existing,2022-07-29,Germany,Standard
255,New,2024-06-24,Switzerland,Premium
256,Existing,2025-07-19,Switzerland,Standard
257,New,2022-11-25,Germany,Premium
258,New,2022-11-14,Switzerland,Premium
259,Existing,2024-06-02,Switzerland,Premium
260,New,2023-02-11,Austria,Standard
261,New,2025-10-20,Germany,Premium
262,New,2022-07-02,Austria,Standard
263,Existing,2022-10-27,Germany,Standard
264,Existing,2023-07-29,Germany,Premium
265,New,2022-06-11,Switzerland,Standard
266,New,2025-08-06,Germany,Standard
267,New,2025-03-08,Austria,Standard
268,Existing,2024-09-28,Switzerland,Premium
269,Existing,2023-11-05,Germany,Premium
270,New,2025-10-22,Austria,Premium
271,Existing,2022-09-12,Austria,Premium
272,New,2022-05-22,Germany,Premium
273,New,2025-03-18,Germany,Standard
274,New,2024-09-05,Austria,Premium
275,Existing,2023-12-16,Germany,Standard
276,New,2025-08-16,Switzerland,Standard
277,New,2024-05-20,Switzerland,Standard
278,New,2025-01-01,Switzerland,Premium
279,Existing,2024-10-14,Germany,Premium
280,New,2024-05-26,Switzerland,Premium
281,Existing,2025-05-29,Germany,Standard
282,Existing,2025-02-08,Austria,Standard
283,Existing,2025-09-29,Germany,Premium
284,Existing,2025-07-06,Switzerland,Standard
285,New,2022-01-16,Switzerland,Premium
286,Existing,2022-05-14,Switzerland,Premium
287,New,2023-01-31,Germany,Premium
288,New,2024-04-26,Austria,Standard
289,New,2025-01-03,Switzerland,Premium
290,New,2024-07-19,Switzerland,Standard
291,Existing,2025-04-22,Switzerland,Premium
292,New,2023-06-15,Switzerland,Standard
293,New,2022-06-16,Germany,Premium
294,Existing,2023-09-01,Germany,Standard
295,Existing,2025-11-11,Germany,Premium
296,New,2025-08-02,Germany,Premium
297,Existing,2023-02-02,Switzerland,Premium
298,Existing,2024-12-26,Switzerland,Premium
299,New,2025-03-16,Austria,Premium
300,Existing,2024-11-20,Austria,Premium
