order_id,customer_id,order_date,product_id,quantity
1,115,6/12/2025,46,1
2,141,8/1/2025,23,2
3,43,7/22/2025,16,3
4,297,2/15/2025,17,3
5,116,6/9/2025,49,2
6,70,8/28/2025,11,3
7,256,2/20/2025,30,2
8,78,5/27/2025,15,3
9,204,8/26/2025,26,1
10,4,1/17/2025,33,2
11,40,6/20/2025,3,2
12,11,6/30/2025,18,2
13,88,5/8/2025,9,2
14,253,2/21/2025,19,1
15,192,4/28/2025,41,2
16,153,8/11/2025,39,3
17,58,6/19/2025,21,3
18,71,2/11/2025,22,1
19,66,4/24/2025,44,2
20,268,2/15/2025,25,2
21,171,8/26/2025,36,1
22,122,3/4/2025,37,1
23,28,7/27/2025,4,2
24,16,6/7/2025,6,1
25,113,1/24/2025,12,3
26,166,6/12/2025,28,2
27,156,7/28/2025,40,3
28,137,7/17/2025,1,2
29,109,1/7/2025,8,1
30,9,7/16/2025,27,1
31,262,7/3/2025,32,3
32,240,7/30/2025,7,3
33,102,1/21/2025,29,3
34,292,6/15/2025,24,2
35,33,4/27/2025,34,1
36,294,4/22/2025,42,1
37,39,3/21/2025,50,1
38,60,3/16/2025,38,3
39,257,3/20/2025,43,1
40,147,5/18/2025,20,1
41,252,5/1/2025,45,1
42,229,1/18/2025,5,3
43,284,6/2/2025,10,3
44,77,2/17/2025,35,3
45,265,3/17/2025,48,2
46,241,3/22/2025,47,2
47,165,5/10/2025,2,2
48,75,7/17/2025,13,1
49,105,2/16/2025,31,3
50,104,1/14/2025,14,1
51,247,6/9/2025,17,2
52,59,4/23/2025,9,3
53,280,1/1/2025,19,2
54,80,5/1/2025,25,2
55,206,2/19/2025,28,2
56,124,2/6/2025,43,1
57,143,6/19/2025,38,1
58,264,7/7/2025,42,2
59,186,4/29/2025,16,2
60,277,6/16/2025,40,2
61,174,7/14/2025,7,1
62,67,6/17/2025,46,3
63,216,6/29/2025,4,3
64,159,5/12/2025,21,3
65,52,1/30/2025,22,2
66,287,2/13/2025,49,1
67,244,2/11/2025,14,2
68,168,1/26/2025,34,2
69,13,6/15/2025,20,2
70,214,8/15/2025,3,2
71,181,4/21/2025,13,3
72,179,4/30/2025,45,1
73,279,1/2/2025,47,3
74,274,4/26/2025,8,1
75,157,6/14/2025,2,1
76,177,7/2/2025,37,1
77,24,2/1/2025,29,3
78,227,6/28/2025,39,2
79,281,6/10/2025,50,1
80,291,6/27/2025,36,3
81,127,5/8/2025,23,1
82,53,3/30/2025,32,2
83,97,8/22/2025,24,2
84,218,1/4/2025,31,3
85,230,5/10/2025,5,1
86,144,3/5/2025,35,2
87,238,4/2/2025,48,1
88,117,8/20/2025,1,3
89,255,1/4/2025,41,3
90,3,5/24/2025,12,2
91,42,7/4/2025,26,3
92,139,2/18/2025,27,3
93,134,6/5/2025,6,1
94,51,3/18/2025,15,2
95,120,1/24/2025,11,1
96,266,2/23/2025,18,2
97,146,2/14/2025,33,1
98,29,5/27/2025,10,2
99,276,4/25/2025,44,3
100,83,7/28/2025,30,2
101,92,5/8/2025,28,2
102,114,7/24/2025,23,1
103,167,1/10/2025,36,3
104,93,6/16/2025,48,2
105,270,8/23/2025,11,3
106,32,2/8/2025,30,2
107,261,8/17/2025,3,3
108,225,2/3/2025,50,1
109,85,5/31/2025,49,1
110,237,5/27/2025,4,1
111,259,5/1/2025,26,3
112,19,2/2/2025,39,1
113,133,7/6/2025,15,3
114,155,7/18/2025,20,1
115,239,5/7/2025,17,1
116,20,5/3/2025,27,3
117,290,5/29/2025,5,2
118,176,1/15/2025,42,2
119,98,2/8/2025,41,2
120,2,1/17/2025,44,1
121,182,6/8/2025,9,2
122,61,7/12/2025,32,3
123,111,3/2/2025,18,3
124,112,3/5/2025,12,1
125,87,7/9/2025,29,2
126,202,7/27/2025,16,2
127,161,3/7/2025,45,2
128,164,8/19/2025,33,1
129,188,8/29/2025,7,3
130,293,8/9/2025,38,1
131,108,6/6/2025,24,3
132,110,2/16/2025,47,1
133,224,8/11/2025,8,1
134,79,7/19/2025,35,3
135,64,8/29/2025,43,3
136,118,1/11/2025,19,1
137,211,4/25/2025,6,1
138,249,4/20/2025,46,2
139,273,3/7/2025,34,1
140,152,8/8/2025,21,1
141,233,1/19/2025,37,2
142,269,4/17/2025,25,1
143,27,7/14/2025,31,3
144,65,1/5/2025,13,2
145,234,6/19/2025,22,1
146,173,6/3/2025,2,1
147,283,5/26/2025,10,1
148,138,5/19/2025,14,2
149,38,6/3/2025,1,1
150,208,4/21/2025,40,1
151,254,5/30/2025,20,1
152,41,1/12/2025,29,3
153,30,6/21/2025,24,2
154,81,1/12/2025,22,2
155,94,5/18/2025,50,1
156,121,7/4/2025,30,2
157,235,1/15/2025,9,2
158,62,6/2/2025,18,1
159,221,3/20/2025,28,1
160,160,6/21/2025,45,1
161,128,6/22/2025,31,3
162,251,1/17/2025,1,2
163,55,8/12/2025,6,3
164,289,6/30/2025,42,3
165,169,3/25/2025,48,3
166,210,2/4/2025,36,1
167,220,4/12/2025,14,2
168,207,4/1/2025,37,2
169,194,2/15/2025,17,3
170,95,6/6/2025,25,3
171,46,1/8/2025,15,2
172,228,2/26/2025,8,1
173,148,8/28/2025,7,1
174,250,2/9/2025,35,3
175,151,7/6/2025,47,3
176,212,4/18/2025,23,1
177,82,1/30/2025,5,2
178,140,5/16/2025,11,3
179,217,1/25/2025,41,2
180,198,1/22/2025,46,3
181,15,7/12/2025,10,3
182,223,5/13/2025,4,3
183,163,3/4/2025,3,3
184,8,4/20/2025,43,3
185,190,7/5/2025,33,2
186,189,2/17/2025,49,2
187,136,1/15/2025,21,2
188,298,1/21/2025,26,2
189,236,4/21/2025,34,2
190,199,8/20/2025,32,2
191,195,1/12/2025,19,2
192,183,3/25/2025,16,2
193,135,8/10/2025,39,1
194,54,4/30/2025,27,2
195,295,2/7/2025,2,1
196,149,5/19/2025,44,1
197,232,4/7/2025,38,2
198,231,4/21/2025,13,1
199,90,7/3/2025,12,1
200,209,4/6/2025,40,1
201,12,3/5/2025,27,3
202,6,1/6/2025,41,3
203,23,6/7/2025,44,1
204,63,5/8/2025,8,2
205,142,5/4/2025,14,2
206,86,7/30/2025,26,1
207,47,7/3/2025,5,1
208,36,1/5/2025,37,1
209,91,5/13/2025,43,3
210,245,2/25/2025,3,1
211,73,7/28/2025,7,3
212,271,7/3/2025,24,1
213,18,3/3/2025,40,2
214,96,5/29/2025,50,1
215,35,3/31/2025,9,2
216,119,6/13/2025,1,1
217,278,2/25/2025,19,1
218,180,6/28/2025,32,2
219,101,2/8/2025,48,2
220,89,4/13/2025,42,3
221,286,8/10/2025,23,3
222,275,2/2/2025,6,1
223,14,4/18/2025,49,2
224,129,6/1/2025,21,2
225,213,1/21/2025,22,3
226,191,2/27/2025,11,1
227,125,3/19/2025,47,2
228,296,2/10/2025,31,1
229,187,7/9/2025,38,2
230,84,6/8/2025,30,1
231,131,6/9/2025,33,2
232,285,2/8/2025,18,2
233,68,8/27/2025,34,2
234,184,4/6/2025,29,3
235,21,6/3/2025,10,2
236,222,1/13/2025,45,3
237,272,7/19/2025,15,2
238,26,7/31/2025,25,1
239,107,8/20/2025,28,2
240,45,2/6/2025,16,3
241,150,7/16/2025,36,2
242,154,7/17/2025,2,1
243,242,4/12/2025,20,1
244,44,8/8/2025,13,2
245,72,1/27/2025,46,2
246,258,8/20/2025,12,2
247,288,5/28/2025,35,1
248,99,8/30/2025,4,1
249,141,2/28/2025,39,3
250,114,2/24/2025,17,2
251,213,6/14/2025,38,2
252,195,5/15/2025,6,1
253,78,5/31/2025,15,1
254,296,1/16/2025,42,3
255,247,3/20/2025,4,3
256,52,2/12/2025,18,3
257,46,2/3/2025,7,3
258,61,5/10/2025,13,2
259,105,4/17/2025,3,1
260,29,8/23/2025,2,1
261,127,3/27/2025,34,3
262,18,7/24/2025,35,2
263,284,3/14/2025,26,1
264,110,8/5/2025,5,2
265,128,4/11/2025,16,3
266,193,5/7/2025,45,1
267,175,7/26/2025,8,2
268,214,3/22/2025,19,3
269,129,6/3/2025,21,2
270,83,7/18/2025,22,2
271,211,6/13/2025,29,1
272,109,6/26/2025,39,2
273,130,5/11/2025,37,3
274,162,4/15/2025,46,2
275,142,8/1/2025,36,3
276,152,8/24/2025,23,1
277,253,5/17/2025,41,2
278,13,2/21/2025,1,3
279,102,7/21/2025,17,1
280,297,2/21/2025,28,3
281,88,5/11/2025,12,3
282,100,1/7/2025,48,1
283,86,2/22/2025,25,2
284,266,1/28/2025,10,1
285,274,6/16/2025,31,1
286,118,1/13/2025,20,3
287,181,3/12/2025,30,1
288,261,2/22/2025,27,2
289,136,8/19/2025,49,3
290,7,8/29/2025,43,2
291,295,4/3/2025,44,3
292,49,7/13/2025,32,1
293,94,2/13/2025,50,2
294,115,4/27/2025,40,1
295,285,4/16/2025,33,1
296,235,4/14/2025,11,3
297,87,6/14/2025,14,1
298,71,8/3/2025,24,2
299,43,5/13/2025,9,1
300,236,6/3/2025,47,1
301,264,6/7/2025,8,2
302,167,7/6/2025,49,2
303,108,3/8/2025,10,1
304,64,8/12/2025,37,1
305,112,4/8/2025,46,1
306,147,5/23/2025,1,2
307,199,5/1/2025,20,2
308,91,1/11/2025,9,1
309,153,4/18/2025,3,3
310,169,8/25/2025,5,2
311,96,6/15/2025,34,3
312,241,5/24/2025,18,1
313,140,6/10/2025,47,1
314,132,8/7/2025,38,2
315,70,7/9/2025,43,1
316,42,3/26/2025,19,1
317,125,5/10/2025,30,2
318,227,3/30/2025,12,1
319,56,4/21/2025,40,2
320,97,4/20/2025,15,2
321,50,5/23/2025,44,1
322,272,4/9/2025,31,1
323,194,3/5/2025,36,2
324,268,6/3/2025,25,2
325,122,7/2/2025,48,3
326,191,2/16/2025,29,2
327,229,5/27/2025,28,2
328,15,4/21/2025,14,3
329,283,7/9/2025,11,1
330,5,5/23/2025,35,2
331,265,4/18/2025,41,1
332,2,4/5/2025,32,1
333,59,8/26/2025,17,1
334,269,5/5/2025,50,3
335,161,1/10/2025,6,2
336,200,4/28/2025,16,1
337,243,6/25/2025,33,1
338,69,5/8/2025,24,1
339,32,3/1/2025,2,2
340,215,8/1/2025,42,2
341,10,8/21/2025,45,2
342,17,4/8/2025,39,2
343,224,6/26/2025,23,1
344,150,7/5/2025,26,1
345,138,6/30/2025,13,3
346,271,4/11/2025,7,1
347,248,8/12/2025,27,3
348,209,3/26/2025,22,1
349,155,6/13/2025,4,3
350,255,2/26/2025,21,2
351,101,3/3/2025,31,2
352,249,2/8/2025,42,3
353,27,3/17/2025,13,3
354,82,6/17/2025,46,2
355,104,6/18/2025,48,1
356,164,4/14/2025,33,1
357,135,3/21/2025,27,3
358,23,5/31/2025,17,1
359,280,2/13/2025,39,1
360,184,7/23/2025,16,2
361,113,2/25/2025,29,2
362,173,8/23/2025,21,1
363,126,4/27/2025,15,1
364,172,4/14/2025,25,2
365,116,3/19/2025,40,2
366,14,3/20/2025,9,1
367,178,7/15/2025,34,1
368,256,6/16/2025,38,3
369,192,7/25/2025,1,2
370,16,1/12/2025,47,1
371,163,2/6/2025,19,2
372,260,5/20/2025,37,2
373,3,5/3/2025,12,3
374,68,5/18/2025,20,3
375,121,7/3/2025,6,2
376,137,3/20/2025,10,2
377,288,1/15/2025,41,2
378,151,6/23/2025,26,1
379,218,3/18/2025,22,1
380,230,8/22/2025,50,3
381,74,7/16/2025,36,3
382,251,2/18/2025,32,2
383,119,7/1/2025,28,2
384,270,3/28/2025,5,2
385,62,3/5/2025,8,1
386,95,2/9/2025,14,1
387,84,4/23/2025,23,2
388,183,7/31/2025,45,3
389,92,7/21/2025,24,3
390,177,6/17/2025,11,3
391,48,6/26/2025,3,2
392,166,1/7/2025,2,3
393,226,1/31/2025,49,2
394,239,8/4/2025,30,3
395,24,5/29/2025,4,1
396,124,6/30/2025,35,1
397,44,2/9/2025,43,3
398,290,2/24/2025,7,2
399,19,3/12/2025,44,2
400,287,1/4/2025,18,3
401,148,7/24/2025,18,3
402,143,8/9/2025,27,2
403,73,8/30/2025,26,1
404,30,8/12/2025,41,2
405,134,4/19/2025,28,1
406,277,3/10/2025,19,3
407,20,6/8/2025,9,3
408,228,4/17/2025,3,3
409,217,8/24/2025,20,1
410,99,4/25/2025,46,2
411,67,5/15/2025,17,2
412,33,2/4/2025,39,1
413,258,4/2/2025,16,2
414,75,5/6/2025,49,2
415,242,3/5/2025,7,3
416,38,4/5/2025,2,3
417,299,7/27/2025,32,1
418,25,6/23/2025,36,2
419,144,5/26/2025,48,1
420,103,6/24/2025,23,2
421,79,1/23/2025,34,2
422,58,1/15/2025,15,3
423,186,7/17/2025,5,2
424,238,4/20/2025,35,3
425,12,1/2/2025,29,3
426,262,8/4/2025,4,2
427,298,4/15/2025,13,2
428,208,4/18/2025,25,3
429,90,8/15/2025,31,1
430,80,6/22/2025,14,2
431,189,5/8/2025,38,2
432,117,1/1/2025,12,2
433,267,1/11/2025,47,3
434,205,5/8/2025,21,2
435,212,6/23/2025,10,2
436,4,1/18/2025,1,2
437,107,1/22/2025,6,2
438,286,4/4/2025,8,3
439,293,6/15/2025,30,2
440,263,6/30/2025,43,3
441,204,4/5/2025,50,2
442,98,5/23/2025,22,3
443,219,8/24/2025,37,2
444,158,3/27/2025,42,3
445,77,4/17/2025,40,2
446,170,3/9/2025,24,2
447,259,2/15/2025,44,1
448,63,2/4/2025,33,2
449,275,5/23/2025,45,1
450,185,8/13/2025,11,3
451,34,1/28/2025,11,3
452,160,1/24/2025,24,1
453,9,2/19/2025,14,3
454,244,3/7/2025,46,2
455,1,5/5/2025,50,1
456,234,3/27/2025,15,3
457,171,8/24/2025,30,1
458,85,2/14/2025,8,3
459,198,4/4/2025,34,3
460,203,6/19/2025,13,2
461,257,4/21/2025,12,3
462,39,2/8/2025,23,2
463,54,3/21/2025,18,3
464,202,8/22/2025,20,1
465,221,1/26/2025,27,3
466,291,1/23/2025,49,3
467,246,2/12/2025,16,1
468,237,1/16/2025,4,1
469,133,4/21/2025,41,3
470,292,4/20/2025,26,3
471,281,1/17/2025,33,3
472,232,5/24/2025,38,2
473,182,6/4/2025,25,1
474,276,8/29/2025,40,2
475,146,4/17/2025,5,1
476,207,1/27/2025,42,3
477,174,7/7/2025,36,3
478,72,1/23/2025,47,2
479,294,1/9/2025,22,1
480,282,2/24/2025,7,2
481,220,7/31/2025,32,2
482,156,6/23/2025,35,1
483,273,5/23/2025,45,2
484,53,4/22/2025,1,3
485,31,4/11/2025,2,3
486,145,1/19/2025,29,1
487,225,7/29/2025,10,3
488,155,3/18/2025,39,2
489,50,8/7/2025,37,1
490,217,7/19/2025,48,3
491,70,2/5/2025,43,3
492,267,5/27/2025,31,1
493,210,8/25/2025,6,2
494,84,8/9/2025,44,2
495,14,4/24/2025,21,2
496,48,4/6/2025,28,3
497,36,6/13/2025,17,1
498,83,1/3/2025,9,3
499,158,1/28/2025,3,1
500,206,1/31/2025,19,1
501,106,6/20/2025,14,3
502,260,5/25/2025,29,2
503,251,7/15/2025,36,1
504,103,6/17/2025,17,3
505,277,8/4/2025,16,3
506,9,1/5/2025,15,2
507,127,7/21/2025,11,1
508,16,5/20/2025,24,1
509,153,3/26/2025,28,2
510,29,3/22/2025,1,2
511,274,8/19/2025,25,3
512,104,3/1/2025,33,1
513,47,4/19/2025,27,1
514,101,6/25/2025,38,3
515,288,2/23/2025,41,2
516,160,3/25/2025,50,1
517,187,2/9/2025,3,1
518,122,3/23/2025,18,2
519,198,4/3/2025,10,2
520,72,5/25/2025,46,3
521,185,3/15/2025,13,3
522,1,2/5/2025,42,3
523,184,5/18/2025,40,3
524,221,6/26/2025,22,1
525,55,3/17/2025,26,3
526,65,6/27/2025,9,1
527,273,7/16/2025,21,2
528,176,8/23/2025,39,1
529,39,1/2/2025,12,3
530,183,2/16/2025,19,3
531,173,6/27/2025,5,3
532,178,1/14/2025,23,2
533,240,2/11/2025,47,2
534,33,4/4/2025,43,1
535,141,8/5/2025,37,3
536,295,2/3/2025,32,2
537,95,7/8/2025,34,1
538,19,4/21/2025,8,1
539,172,3/14/2025,30,3
540,300,8/3/2025,4,1
541,163,8/29/2025,49,1
542,13,1/5/2025,6,2
543,150,4/14/2025,48,2
544,15,5/12/2025,7,3
545,136,7/10/2025,44,1
546,124,5/23/2025,31,1
547,192,6/5/2025,2,3
548,145,3/11/2025,20,3
549,241,5/11/2025,45,2
550,108,4/19/2025,35,3
551,207,8/15/2025,39,1
552,290,6/19/2025,48,2
553,125,7/30/2025,25,3
554,227,2/5/2025,10,3
555,252,3/8/2025,28,3
556,186,3/4/2025,50,2
557,111,3/7/2025,38,1
558,8,2/1/2025,4,3
559,203,8/2/2025,44,1
560,212,4/14/2025,11,3
561,263,7/13/2025,33,2
562,102,3/16/2025,14,1
563,279,5/30/2025,47,1
564,112,6/9/2025,31,3
565,58,4/11/2025,8,1
566,41,2/15/2025,36,3
567,298,1/8/2025,45,1
568,110,6/22/2025,43,1
569,67,4/10/2025,27,1
570,171,3/4/2025,19,3
571,37,7/12/2025,26,1
572,235,2/28/2025,37,3
573,53,5/24/2025,35,3
574,167,2/14/2025,2,1
575,2,2/2/2025,49,3
576,244,7/15/2025,5,1
577,257,3/21/2025,18,1
578,60,3/14/2025,40,3
579,281,1/18/2025,16,1
580,234,2/26/2025,24,1
581,88,2/27/2025,20,1
582,286,7/7/2025,13,2
583,17,7/19/2025,3,3
584,231,3/14/2025,6,1
585,52,8/26/2025,21,2
586,204,1/26/2025,7,3
587,27,7/6/2025,29,2
588,99,7/7/2025,32,2
589,20,5/11/2025,22,2
590,93,2/9/2025,23,2
591,213,7/12/2025,34,3
592,135,4/10/2025,12,2
593,66,7/31/2025,17,3
594,193,5/18/2025,30,1
595,253,3/6/2025,9,2
596,143,2/24/2025,46,3
597,147,7/16/2025,42,1
598,180,7/26/2025,1,3
599,31,3/17/2025,41,1
600,256,5/4/2025,15,3
601,94,3/18/2025,2,1
602,115,2/6/2025,36,2
603,105,6/26/2025,29,3
604,196,6/14/2025,10,1
605,236,4/17/2025,22,3
606,7,2/7/2025,49,1
607,43,7/20/2025,27,3
608,117,1/23/2025,28,3
609,262,4/30/2025,12,2
610,30,7/16/2025,32,1
611,133,4/25/2025,24,1
612,152,4/1/2025,13,2
613,189,2/22/2025,9,2
614,181,1/25/2025,6,2
615,98,4/19/2025,14,1
616,97,8/10/2025,47,1
617,23,4/22/2025,15,3
618,92,7/13/2025,42,2
619,74,8/12/2025,39,1
620,81,6/2/2025,35,3
621,54,7/31/2025,37,1
622,26,6/7/2025,19,2
623,120,2/22/2025,18,3
624,242,6/25/2025,44,1
625,205,7/30/2025,31,1
626,268,6/5/2025,46,2
627,42,8/17/2025,7,3
628,129,2/13/2025,5,3
629,232,1/28/2025,16,2
630,188,4/9/2025,17,3
631,91,3/1/2025,48,1
632,174,2/6/2025,45,3
633,63,5/28/2025,26,2
634,289,8/12/2025,11,2
635,296,1/27/2025,20,1
636,222,6/24/2025,23,2
637,293,6/19/2025,38,1
638,154,3/14/2025,50,3
639,151,8/14/2025,4,1
640,126,4/4/2025,8,2
641,159,1/3/2025,41,3
642,233,6/6/2025,3,2
643,89,6/26/2025,40,1
644,292,6/29/2025,43,1
645,34,3/25/2025,21,1
646,149,6/28/2025,34,3
647,128,7/30/2025,1,2
648,285,7/20/2025,25,2
649,164,4/15/2025,30,2
650,64,1/2/2025,33,1
651,228,6/10/2025,11,1
652,218,2/3/2025,15,1
653,21,3/2/2025,46,1
654,28,6/28/2025,47,3
655,168,4/4/2025,5,1
656,131,2/14/2025,16,3
657,175,8/29/2025,34,3
658,40,4/13/2025,22,1
659,237,4/3/2025,13,1
660,82,8/14/2025,1,1
661,278,5/11/2025,44,2
662,199,8/17/2025,33,3
663,32,1/19/2025,30,2
664,238,7/24/2025,45,3
665,90,4/15/2025,28,1
666,18,2/3/2025,17,1
667,85,7/18/2025,37,1
668,134,5/16/2025,6,2
669,216,1/7/2025,10,2
670,291,2/12/2025,18,1
671,194,3/26/2025,24,1
672,249,1/29/2025,49,2
673,264,4/2/2025,41,1
674,10,5/11/2025,20,1
675,61,8/30/2025,39,2
676,247,1/3/2025,29,3
677,261,1/25/2025,25,1
678,5,6/11/2025,35,2
679,283,7/3/2025,43,3
680,132,1/8/2025,23,3
681,197,5/15/2025,50,1
682,148,5/12/2025,40,3
683,146,6/7/2025,14,1
684,161,5/16/2025,26,2
685,225,8/5/2025,7,3
686,71,1/12/2025,27,2
687,44,4/10/2025,19,3
688,69,2/25/2025,32,3
689,78,5/7/2025,2,3
690,266,3/9/2025,3,1
691,107,3/22/2025,31,1
692,156,7/3/2025,21,1
693,215,8/29/2025,4,2
694,73,1/3/2025,9,2
695,86,2/18/2025,38,1
696,226,7/22/2025,36,2
697,282,8/2/2025,8,1
698,270,6/17/2025,42,1
699,294,1/21/2025,48,3
700,119,3/21/2025,12,2
701,190,6/18/2025,31,2
702,45,4/17/2025,36,3
703,200,1/2/2025,24,1
704,46,8/11/2025,49,3
705,165,2/26/2025,41,3
706,250,1/30/2025,3,2
707,246,1/24/2025,16,1
708,25,3/3/2025,10,2
709,24,1/8/2025,42,3
710,258,2/14/2025,19,3
711,297,4/25/2025,23,1
712,271,8/26/2025,38,3
713,229,1/25/2025,47,3
714,214,6/9/2025,26,3
715,49,4/8/2025,13,3
716,245,3/28/2025,30,3
717,243,1/18/2025,7,3
718,280,3/13/2025,35,1
719,118,7/26/2025,28,1
720,38,6/17/2025,33,3
721,140,4/18/2025,9,2
722,201,4/11/2025,29,2
723,162,2/3/2025,17,1
724,130,5/5/2025,40,3
725,137,8/22/2025,4,1
726,76,5/29/2025,1,2
727,182,5/19/2025,14,3
728,59,1/15/2025,27,3
729,123,3/11/2025,22,1
730,109,6/4/2025,2,2
731,51,1/20/2025,12,2
732,211,5/13/2025,37,2
733,80,8/26/2025,21,2
734,4,4/26/2025,11,1
735,157,3/16/2025,18,2
736,169,5/4/2025,6,3
737,26,1/31/2025,5,3
738,41,5/7/2025,45,1
739,98,6/22/2025,15,3
740,168,5/29/2025,8,3
741,135,3/30/2025,39,2
742,178,8/22/2025,20,2
743,152,4/19/2025,43,1
744,263,7/26/2025,25,3
745,191,5/1/2025,44,2
746,239,7/11/2025,34,2
747,172,7/16/2025,48,2
748,244,3/31/2025,46,2
749,14,2/24/2025,50,1
750,42,8/7/2025,32,1
751,274,6/2/2025,49,2
752,30,3/20/2025,12,3
753,259,2/12/2025,46,2
754,11,2/6/2025,50,3
755,192,3/10/2025,40,2
756,151,7/23/2025,41,3
757,49,5/29/2025,13,2
758,165,7/16/2025,6,1
759,197,1/15/2025,30,2
760,224,1/2/2025,27,1
761,185,1/21/2025,47,2
762,200,1/10/2025,3,3
763,2,3/11/2025,15,3
764,241,7/17/2025,10,3
765,85,1/30/2025,31,1
766,46,3/23/2025,17,3
767,129,4/22/2025,20,3
768,286,1/9/2025,4,2
769,124,3/16/2025,43,3
770,177,7/23/2025,42,2
771,138,2/5/2025,24,2
772,266,2/10/2025,36,1
773,24,4/12/2025,45,1
774,146,7/2/2025,28,1
775,88,6/19/2025,5,2
776,141,8/9/2025,8,2
777,287,4/30/2025,37,2
778,183,8/27/2025,7,1
779,110,6/13/2025,34,3
780,236,1/19/2025,39,2
781,51,8/2/2025,32,1
782,147,7/8/2025,14,2
783,254,4/14/2025,23,3
784,180,5/13/2025,9,3
785,153,2/7/2025,22,3
786,205,8/24/2025,18,1
787,268,2/1/2025,21,1
788,295,5/2/2025,33,2
789,223,3/22/2025,16,2
790,90,8/11/2025,44,2
791,284,4/11/2025,11,1
792,74,3/15/2025,1,3
793,179,6/29/2025,38,1
794,164,8/23/2025,48,3
795,294,5/23/2025,2,3
796,264,7/29/2025,26,2
797,76,6/11/2025,25,1
798,4,7/23/2025,35,2
799,154,7/29/2025,19,2
800,144,8/7/2025,29,3
801,247,3/19/2025,7,2
802,143,8/4/2025,2,3
803,175,6/8/2025,38,2
804,256,8/24/2025,44,3
805,176,1/18/2025,18,2
806,157,5/11/2025,33,1
807,108,1/1/2025,48,2
808,233,7/30/2025,23,3
809,92,2/5/2025,20,2
810,39,3/13/2025,49,2
811,139,1/7/2025,19,2
812,105,5/2/2025,26,3
813,293,5/29/2025,31,3
814,68,6/8/2025,42,1
815,214,3/28/2025,10,3
816,199,5/23/2025,13,1
817,277,2/12/2025,30,2
818,169,3/21/2025,12,3
819,20,4/8/2025,15,1
820,206,2/3/2025,36,1
821,37,1/11/2025,6,2
822,7,1/13/2025,45,3
823,235,4/20/2025,34,3
824,237,6/25/2025,50,2
825,19,5/22/2025,8,1
826,201,4/16/2025,29,2
827,245,2/22/2025,43,3
828,217,8/18/2025,27,3
829,83,7/20/2025,37,3
830,48,8/28/2025,39,3
831,120,1/10/2025,46,3
832,207,5/23/2025,14,3
833,140,4/26/2025,40,2
834,149,6/1/2025,17,2
835,255,8/2/2025,35,1
836,196,8/13/2025,47,1
837,219,7/16/2025,25,1
838,86,3/9/2025,11,1
839,10,4/14/2025,22,2
840,285,8/27/2025,16,1
841,186,5/6/2025,5,1
842,77,6/30/2025,21,2
843,251,1/30/2025,3,3
844,300,8/23/2025,4,2
845,250,5/29/2025,1,3
846,282,6/8/2025,28,1
847,260,2/16/2025,24,2
848,114,5/15/2025,41,2
849,130,2/26/2025,9,2
850,150,7/26/2025,32,3
851,112,2/8/2025,31,2
852,161,5/18/2025,17,2
853,57,6/19/2025,27,3
854,64,6/22/2025,16,3
855,126,8/21/2025,4,1
856,22,2/8/2025,44,2
857,21,3/29/2025,20,3
858,202,3/24/2025,38,3
859,220,2/13/2025,26,2
860,271,4/9/2025,32,1
861,47,4/1/2025,34,3
862,69,1/10/2025,19,3
863,134,7/1/2025,13,1
864,234,4/21/2025,8,3
865,221,2/6/2025,18,1
866,28,2/25/2025,10,3
867,73,8/12/2025,30,2
868,12,7/29/2025,39,2
869,226,1/23/2025,11,2
870,36,8/2/2025,49,1
871,38,1/9/2025,5,1
872,232,5/31/2025,50,2
873,216,1/26/2025,14,1
874,290,1/17/2025,37,3
875,195,7/23/2025,45,1
876,59,7/6/2025,29,1
877,212,2/21/2025,9,2
878,198,1/6/2025,15,2
879,116,6/14/2025,7,2
880,121,7/16/2025,48,2
881,229,1/27/2025,28,3
882,296,3/24/2025,46,1
883,61,1/11/2025,3,1
884,222,6/28/2025,25,3
885,155,8/23/2025,35,1
886,103,4/4/2025,41,1
887,87,5/11/2025,42,3
888,95,4/14/2025,33,1
889,109,5/15/2025,47,1
890,187,1/2/2025,40,3
891,25,8/25/2025,43,1
892,40,6/5/2025,23,1
893,115,1/27/2025,1,2
894,283,2/28/2025,24,3
895,171,7/23/2025,22,3
896,106,7/18/2025,2,3
897,145,5/24/2025,36,3
898,62,1/12/2025,12,3
899,123,8/1/2025,6,3
900,184,5/19/2025,21,1
901,5,6/14/2025,21,3
902,163,6/24/2025,26,3
903,166,8/8/2025,19,3
904,101,7/24/2025,30,3
905,160,2/26/2025,15,1
906,66,2/7/2025,32,2
907,210,5/31/2025,29,2
908,133,3/22/2025,17,2
909,97,3/17/2025,22,2
910,102,4/11/2025,34,1
911,67,3/25/2025,7,1
912,54,2/12/2025,41,3
913,122,4/9/2025,45,2
914,113,1/22/2025,10,3
915,142,7/21/2025,14,2
916,31,5/4/2025,35,2
917,240,8/4/2025,16,3
918,213,6/17/2025,6,3
919,16,1/14/2025,50,1
920,170,8/7/2025,27,3
921,279,2/16/2025,4,2
922,117,7/23/2025,49,2
923,227,2/20/2025,46,1
924,230,8/30/2025,33,3
925,243,3/3/2025,36,3
926,29,4/1/2025,2,2
927,104,2/10/2025,9,3
928,79,2/14/2025,31,3
929,159,5/26/2025,37,3
930,218,4/30/2025,3,1
931,131,4/23/2025,12,2
932,238,8/19/2025,11,1
933,269,1/26/2025,8,3
934,298,6/18/2025,43,1
935,75,4/25/2025,47,1
936,173,6/7/2025,39,3
937,81,2/26/2025,25,2
938,167,8/25/2025,44,1
939,242,3/27/2025,24,3
940,99,4/2/2025,1,1
941,23,4/18/2025,28,2
942,289,8/3/2025,23,1
943,190,1/9/2025,48,2
944,261,7/19/2025,42,3
945,272,4/21/2025,5,3
946,292,8/10/2025,13,3
947,299,7/8/2025,20,2
948,119,7/30/2025,38,3
949,55,7/1/2025,18,2
950,208,2/17/2025,40,2
951,44,6/5/2025,14,2
952,132,7/10/2025,3,2
953,43,1/12/2025,31,3
954,111,4/9/2025,33,2
955,17,1/3/2025,49,1
956,297,1/9/2025,20,3
957,209,5/12/2025,39,2
958,107,2/26/2025,41,2
959,71,6/3/2025,23,3
960,249,5/2/2025,17,3
961,280,6/27/2025,10,2
962,56,4/10/2025,27,1
963,52,5/27/2025,24,3
964,65,7/29/2025,19,3
965,82,3/18/2025,26,3
966,248,5/7/2025,4,1
967,1,5/30/2025,15,2
968,188,6/21/2025,16,1
969,70,4/13/2025,38,3
970,3,1/26/2025,1,1
971,174,3/10/2025,29,3
972,246,7/5/2025,48,3
973,204,8/25/2025,46,1
974,93,3/1/2025,28,2
975,137,1/8/2025,12,1
976,265,2/11/2025,50,3
977,9,2/25/2025,32,1
978,288,6/4/2025,8,3
979,17,5/28/2025,5,1
980,221,8/6/2025,47,1
981,129,1/12/2025,6,1
982,100,6/4/2025,25,2
983,234,1/2/2025,36,3
984,224,1/20/2025,37,1
985,134,5/11/2025,35,2
986,287,3/13/2025,2,1
987,1,8/2/2025,40,1
988,204,5/27/2025,30,1
989,174,2/1/2025,21,1
990,54,5/11/2025,7,2
991,118,4/27/2025,13,2
992,227,7/24/2025,11,2
993,176,1/13/2025,44,3
994,283,1/23/2025,45,3
995,92,5/11/2025,18,1
996,299,8/18/2025,22,2
997,128,8/5/2025,42,3
998,35,4/27/2025,9,2
999,28,1/27/2025,43,2
1000,178,8/20/2025,34,2
