return_id,order_id,return_date,return_reason,return_status,return_cost
1,310,2025-02-24,Gefällt nicht,Erstattet,8.09
2,896,2025-02-21,Gefällt nicht,Eingegangen,8.56
3,756,2025-03-09,Falsch geliefert,Erstattet,8.6
4,478,2025-03-12,Qualitätsmangel,Erstattet,8.84
5,829,2025-02-17,Größe passt nicht,Erstattet,11.75
6,272,2025-02-03,Gefällt nicht,Erstattet,9.24
7,659,2025-02-03,Gefällt nicht,Erstattet,7.26
8,85,2025-03-16,Größe passt nicht,Erstattet,11.01
9,338,2025-02-14,Artikel beschädigt,Erstattet,9.13
10,817,2025-02-22,Gefällt nicht,Erstattet,8.61
11,186,2025-02-05,Qualitätsmangel,Erstattet,9.94
12,662,2025-02-14,Artikel beschädigt,Unterwegs,10.4
13,782,2025-03-10,Größe passt nicht,Erstattet,7.32
14,48,2025-03-15,Artikel beschädigt,In Prüfung,11.57
15,724,2025-01-28,Gefällt nicht,Eingegangen,8.29
16,500,2025-03-16,Größe passt nicht,Eingegangen,8.54
17,771,2025-03-15,Falsch geliefert,Eingegangen,9.16
18,264,2025-03-08,Gefällt nicht,In Prüfung,10.1
19,490,2025-03-10,Qualitätsmangel,Erstattet,10.45
20,477,2025-01-25,Größe passt nicht,Eingegangen,7.44
21,76,2025-02-04,Gefällt nicht,Registriert,8.07
22,139,2025-02-09,Größe passt nicht,Unterwegs,7.82
23,455,2025-01-29,Qualitätsmangel,Erstattet,10.17
24,240,2025-02-11,Gefällt nicht,Erstattet,9.46
25,592,2025-01-19,Größe passt nicht,Erstattet,10.28
26,472,2025-02-03,Artikel beschädigt,Erstattet,7.52
27,614,2025-01-22,Größe passt nicht,Erstattet,7.15
28,965,2025-03-15,Größe passt nicht,Erstattet,11.35
29,512,2025-03-17,Qualitätsmangel,Unterwegs,9.6
30,714,2025-01-30,Gefällt nicht,Erstattet,10.65
31,499,2025-03-11,Artikel beschädigt,Erstattet,8.4
32,72,2025-01-10,Gefällt nicht,Erstattet,9.68
33,211,2025-02-22,Größe passt nicht,Erstattet,8.79
34,86,2025-03-11,Qualitätsmangel,Erstattet,7.32
35,60,2025-01-19,Gefällt nicht,Erstattet,8.21
36,409,2025-03-16,Größe passt nicht,Eingegangen,7.43
37,519,2025-02-09,Gefällt nicht,Erstattet,9.0
38,261,2025-03-09,Artikel beschädigt,Eingegangen,11.34
39,670,2025-02-09,Größe passt nicht,Erstattet,11.67
40,925,2025-02-27,Größe passt nicht,Erstattet,8.59
41,631,2025-02-08,Gefällt nicht,Erstattet,11.47
42,562,2025-03-15,Größe passt nicht,Erstattet,11.45
43,73,2025-02-22,Größe passt nicht,Erstattet,7.52
44,539,2025-01-30,Artikel beschädigt,Erstattet,7.74
45,24,2025-03-04,Gefällt nicht,Erstattet,10.26
46,813,2025-05-02,Größe passt nicht,Erstattet,7.16
47,828,2025-04-27,Qualitätsmangel,Erstattet,9.58
48,87,2025-04-25,Qualitätsmangel,In Prüfung,8.2
49,286,2025-03-16,Artikel beschädigt,Erstattet,11.39
50,59,2025-04-27,Artikel beschädigt,Registriert,11.12
51,432,2025-05-01,Artikel beschädigt,Registriert,11.67
52,450,2025-04-15,Falsch geliefert,Erstattet,11.32
53,413,2025-04-13,Größe passt nicht,Erstattet,9.89
54,154,2025-04-14,Größe passt nicht,Registriert,8.71
55,864,2025-05-11,Falsch geliefert,Eingegangen,9.23
56,638,2025-04-09,Größe passt nicht,In Prüfung,9.64
57,319,2025-04-10,Qualitätsmangel,Eingegangen,7.56
58,339,2025-05-08,Qualitätsmangel,Eingegangen,9.76
59,517,2025-03-26,Größe passt nicht,In Prüfung,11.42
60,45,2025-03-18,Größe passt nicht,Erstattet,8.67
61,439,2025-04-10,Falsch geliefert,Registriert,10.22
62,686,2025-05-17,Artikel beschädigt,Erstattet,10.61
63,949,2025-03-29,Falsch geliefert,In Prüfung,11.99
64,361,2025-05-13,Qualitätsmangel,Erstattet,9.98
65,208,2025-03-08,Gefällt nicht,In Prüfung,8.87
66,898,2025-04-25,Größe passt nicht,Eingegangen,9.04
67,203,2025-04-05,Gefällt nicht,In Prüfung,11.17
68,886,2025-03-31,Qualitätsmangel,Registriert,8.83
69,738,2025-04-24,Größe passt nicht,In Prüfung,10.68
70,669,2025-04-18,Artikel beschädigt,Unterwegs,11.54
71,839,2025-04-22,Falsch geliefert,In Prüfung,11.99
72,377,2025-03-26,Größe passt nicht,Erstattet,9.94
73,854,2025-03-22,Gefällt nicht,Erstattet,8.43
74,158,2025-03-30,Falsch geliefert,Erstattet,7.89
75,913,2025-05-11,Artikel beschädigt,Erstattet,7.82
76,368,2025-04-17,Größe passt nicht,Erstattet,9.14
77,445,2025-04-27,Gefällt nicht,Erstattet,10.92
78,379,2025-04-02,Gefällt nicht,Erstattet,8.02
79,323,2025-05-12,Größe passt nicht,Erstattet,8.11
80,485,2025-03-30,Artikel beschädigt,Eingegangen,8.47
81,437,2025-04-01,Falsch geliefert,Unterwegs,11.69
82,892,2025-05-08,Qualitätsmangel,Erstattet,7.37
83,83,2025-03-22,Artikel beschädigt,In Prüfung,11.2
84,141,2025-04-20,Qualitätsmangel,Erstattet,9.7
85,803,2025-04-10,Qualitätsmangel,Erstattet,9.48
86,737,2025-04-25,Größe passt nicht,Erstattet,7.79
87,510,2025-03-11,Größe passt nicht,Erstattet,10.15
88,196,2025-04-09,Größe passt nicht,Eingegangen,7.57
89,977,2025-05-05,Artikel beschädigt,Erstattet,10.02
90,918,2025-03-23,Größe passt nicht,Unterwegs,9.71
91,671,2025-07-16,Größe passt nicht,Unterwegs,8.59
92,650,2025-06-23,Artikel beschädigt,Registriert,10.43
93,914,2025-06-09,Gefällt nicht,Erstattet,7.32
94,815,2025-07-06,Falsch geliefert,Erstattet,8.27
95,149,2025-06-27,Falsch geliefert,Erstattet,7.04
96,590,2025-06-18,Qualitätsmangel,Eingegangen,11.02
97,728,2025-06-15,Größe passt nicht,Eingegangen,9.51
98,452,2025-05-17,Falsch geliefert,Erstattet,8.14
99,101,2025-07-02,Gefällt nicht,Eingegangen,10.94
100,548,2025-07-03,Artikel beschädigt,In Prüfung,7.91
101,254,2025-07-18,Artikel beschädigt,Erstattet,7.04
102,626,2025-07-03,Falsch geliefert,Eingegangen,11.28
103,161,2025-06-08,Gefällt nicht,Eingegangen,9.06
104,142,2025-06-01,Größe passt nicht,In Prüfung,8.29
105,31,2025-06-29,Gefällt nicht,Unterwegs,11.62
106,284,2025-05-26,Artikel beschädigt,Erstattet,9.3
107,54,2025-07-02,Größe passt nicht,Erstattet,9.74
108,132,2025-06-16,Gefällt nicht,Erstattet,8.6
109,633,2025-06-21,Artikel beschädigt,Erstattet,7.06
110,955,2025-06-20,Qualitätsmangel,Registriert,8.14
111,246,2025-06-05,Artikel beschädigt,In Prüfung,10.73
112,702,2025-05-29,Größe passt nicht,Erstattet,8.75
113,723,2025-07-18,Größe passt nicht,Erstattet,10.52
114,554,2025-05-27,Falsch geliefert,Erstattet,8.7
115,875,2025-07-06,Qualitätsmangel,Erstattet,8.39
116,934,2025-07-12,Größe passt nicht,Erstattet,7.6
117,82,2025-07-01,Falsch geliefert,Erstattet,10.99
118,188,2025-05-27,Gefällt nicht,Unterwegs,8.2
119,931,2025-06-03,Gefällt nicht,Eingegangen,11.36
120,620,2025-06-22,Gefällt nicht,Erstattet,10.89
121,146,2025-07-16,Gefällt nicht,Unterwegs,7.98
122,869,2025-05-25,Falsch geliefert,Erstattet,8.8
123,867,2025-06-11,Gefällt nicht,Erstattet,9.3
124,717,2025-05-16,Größe passt nicht,Erstattet,10.99
125,613,2025-06-27,Falsch geliefert,Erstattet,10.87
126,224,2025-06-13,Größe passt nicht,Erstattet,9.98
127,579,2025-06-14,Gefällt nicht,Erstattet,10.77
128,346,2025-05-24,Größe passt nicht,Eingegangen,8.08
129,295,2025-06-25,Qualitätsmangel,In Prüfung,9.29
130,826,2025-06-21,Gefällt nicht,Erstattet,11.06
131,675,2025-07-19,Qualitätsmangel,Erstattet,8.38
132,489,2025-06-12,Artikel beschädigt,Erstattet,8.36
133,19,2025-06-22,Gefällt nicht,Erstattet,10.96
134,560,2025-05-18,Qualitätsmangel,Erstattet,8.83
135,952,2025-06-23,Größe passt nicht,Registriert,11.39
136,230,2025-07-16,Größe passt nicht,Erstattet,7.4
137,201,2025-07-31,Qualitätsmangel,Unterwegs,8.93
138,244,2025-08-20,Größe passt nicht,In Prüfung,11.54
139,231,2025-09-03,Größe passt nicht,Erstattet,7.4
140,396,2025-08-04,Größe passt nicht,In Prüfung,8.99
141,879,2025-07-26,Größe passt nicht,Erstattet,10.3
142,421,2025-07-19,Falsch geliefert,Erstattet,8.08
143,36,2025-07-19,Größe passt nicht,Unterwegs,8.6
144,578,2025-08-15,Gefällt nicht,Erstattet,10.11
145,120,2025-07-14,Größe passt nicht,Erstattet,7.57
146,344,2025-08-26,Gefällt nicht,Erstattet,10.63
147,849,2025-09-14,Falsch geliefert,Eingegangen,10.18
148,505,2025-08-24,Artikel beschädigt,Erstattet,9.81
149,766,2025-07-24,Artikel beschädigt,Eingegangen,11.11
150,797,2025-08-18,Größe passt nicht,Erstattet,8.73
151,610,2025-08-12,Gefällt nicht,Registriert,8.1
152,550,2025-08-27,Artikel beschädigt,Erstattet,7.09
153,210,2025-09-04,Qualitätsmangel,Unterwegs,11.9
154,242,2025-08-30,Größe passt nicht,Eingegangen,11.08
155,217,2025-08-27,Gefällt nicht,Erstattet,8.35
156,549,2025-07-21,Qualitätsmangel,In Prüfung,9.41
157,98,2025-08-08,Artikel beschädigt,Erstattet,8.79
158,360,2025-09-14,Größe passt nicht,Unterwegs,9.34
159,66,2025-08-26,Artikel beschädigt,Erstattet,10.24
160,137,2025-09-12,Artikel beschädigt,Erstattet,10.48
161,522,2025-08-29,Größe passt nicht,Eingegangen,9.3
162,167,2025-08-31,Größe passt nicht,Erstattet,10.87
163,946,2025-08-08,Größe passt nicht,Erstattet,11.2
164,302,2025-08-22,Qualitätsmangel,Erstattet,10.83
165,400,2025-07-18,Größe passt nicht,Eingegangen,8.85
166,570,2025-09-05,Größe passt nicht,Erstattet,10.03
167,648,2025-07-23,Qualitätsmangel,Erstattet,11.31
168,234,2025-07-25,Falsch geliefert,Erstattet,7.96
169,720,2025-08-02,Falsch geliefert,Erstattet,9.97
170,661,2025-08-20,Artikel beschädigt,Erstattet,9.99
171,78,2025-08-29,Gefällt nicht,In Prüfung,7.99
172,487,2025-08-03,Gefällt nicht,Erstattet,10.79
173,126,2025-08-22,Qualitätsmangel,Erstattet,7.09
174,247,2025-08-15,Artikel beschädigt,Erstattet,7.74
175,65,2025-08-16,Artikel beschädigt,Unterwegs,8.88
176,90,2025-07-27,Größe passt nicht,In Prüfung,10.28
177,198,2025-08-16,Größe passt nicht,Erstattet,9.42
178,334,2025-08-04,Größe passt nicht,Erstattet,7.44
179,213,2025-08-25,Größe passt nicht,Erstattet,10.04
180,134,2025-08-16,Gefällt nicht,Erstattet,10.17
