return_id,received_date,inspection_start,inspection_end,refund_date,resale_decision,processing_minutes,processing_employee
1,2025-02-27,2025-03-01,2025-03-02,2025-03-05,Restock,10,EMP011
2,2025-02-23,2025-02-25,2025-02-26,2025-03-01,Dispose,21,EMP001
3,2025-03-11,2025-03-13,2025-03-14,2025-03-17,Restock,18,EMP007
4,2025-03-14,2025-03-15,2025-03-16,2025-03-18,Restock,8,EMP020
5,2025-02-21,2025-02-21,2025-02-22,2025-02-25,Dispose,20,EMP016
6,2025-02-05,2025-02-07,2025-02-08,2025-02-13,Refurbish,20,EMP013
7,2025-02-07,2025-02-07,2025-02-08,2025-02-10,Restock,15,EMP015
8,2025-03-18,2025-03-20,2025-03-21,2025-03-24,Dispose,19,EMP001
9,2025-02-16,2025-02-16,2025-02-17,2025-02-19,Restock,17,EMP013
10,2025-02-23,2025-02-24,2025-02-25,2025-03-01,Refurbish,21,EMP003
11,2025-02-07,2025-02-07,2025-02-08,2025-02-10,Restock,24,EMP019
12,2025-02-16,2025-02-18,2025-02-19,2025-02-21,Restock,15,EMP012
13,2025-03-13,2025-03-13,2025-03-14,2025-03-16,Dispose,18,EMP004
14,2025-03-18,2025-03-19,2025-03-20,2025-03-23,Dispose,26,EMP004
15,2025-01-31,2025-02-02,2025-02-03,2025-02-06,Restock,15,EMP010
16,2025-03-19,2025-03-20,2025-03-21,2025-03-25,Restock,13,EMP006
17,2025-03-18,2025-03-18,2025-03-19,2025-03-21,Refurbish,16,EMP015
18,2025-03-12,2025-03-13,2025-03-14,2025-03-15,Dispose,23,EMP010
19,2025-03-13,2025-03-14,2025-03-15,2025-03-18,Refurbish,19,EMP004
20,2025-01-28,2025-01-30,2025-01-31,2025-02-03,Refurbish,13,EMP014
21,2025-02-07,2025-02-09,2025-02-10,2025-02-12,Dispose,27,EMP018
22,2025-02-11,2025-02-13,2025-02-14,2025-02-16,Restock,22,EMP014
23,2025-01-30,2025-02-01,2025-02-02,2025-02-06,Restock,18,EMP014
24,2025-02-15,2025-02-17,2025-02-18,2025-02-20,Restock,21,EMP008
25,2025-01-22,2025-01-22,2025-01-23,2025-01-25,Restock,26,EMP008
26,2025-02-07,2025-02-08,2025-02-09,2025-02-10,Dispose,24,EMP005
27,2025-01-25,2025-01-25,2025-01-26,2025-01-28,Restock,12,EMP003
28,2025-03-16,2025-03-17,2025-03-18,2025-03-20,Dispose,22,EMP002
29,2025-03-20,2025-03-21,2025-03-22,2025-03-25,Refurbish,17,EMP012
30,2025-02-02,2025-02-04,2025-02-05,2025-02-09,Restock,20,EMP019
31,2025-03-15,2025-03-17,2025-03-18,2025-03-22,Refurbish,18,EMP018
32,2025-01-11,2025-01-12,2025-01-13,2025-01-17,Restock,25,EMP016
33,2025-02-23,2025-02-24,2025-02-25,2025-03-01,Restock,21,EMP004
34,2025-03-12,2025-03-12,2025-03-13,2025-03-17,Restock,22,EMP012
35,2025-01-23,2025-01-24,2025-01-25,2025-01-26,Refurbish,18,EMP013
36,2025-03-18,2025-03-20,2025-03-21,2025-03-23,Restock,28,EMP008
37,2025-02-10,2025-02-10,2025-02-11,2025-02-15,Restock,25,EMP003
38,2025-03-10,2025-03-12,2025-03-13,2025-03-17,Restock,15,EMP018
39,2025-02-10,2025-02-11,2025-02-12,2025-02-14,Restock,16,EMP019
40,2025-02-28,2025-02-28,2025-03-01,2025-03-04,Restock,26,EMP018
41,2025-02-11,2025-02-11,2025-02-12,2025-02-15,Restock,25,EMP015
42,2025-03-19,2025-03-20,2025-03-21,2025-03-23,Restock,20,EMP013
43,2025-02-23,2025-02-24,2025-02-25,2025-02-27,Restock,16,EMP007
44,2025-02-01,2025-02-02,2025-02-03,2025-02-04,Restock,23,EMP017
45,2025-03-07,2025-03-07,2025-03-08,2025-03-12,Refurbish,24,EMP013
46,2025-05-05,2025-05-06,2025-05-07,2025-05-10,Restock,16,EMP002
47,2025-04-30,2025-04-30,2025-05-01,2025-05-03,Refurbish,18,EMP020
48,2025-04-27,2025-04-28,2025-04-29,2025-05-01,Restock,21,EMP010
49,2025-03-17,2025-03-18,2025-03-19,2025-03-22,Restock,20,EMP005
50,2025-05-01,2025-05-01,2025-05-02,2025-05-04,Refurbish,14,EMP004
51,2025-05-05,2025-05-07,2025-05-08,2025-05-11,Restock,19,EMP006
52,2025-04-16,2025-04-17,2025-04-18,2025-04-21,Refurbish,18,EMP012
53,2025-04-17,2025-04-18,2025-04-19,2025-04-22,Restock,13,EMP005
54,2025-04-16,2025-04-17,2025-04-18,2025-04-23,Refurbish,25,EMP013
55,2025-05-12,2025-05-13,2025-05-14,2025-05-17,Restock,27,EMP005
56,2025-04-13,2025-04-15,2025-04-16,2025-04-18,Restock,19,EMP016
57,2025-04-12,2025-04-14,2025-04-15,2025-04-18,Restock,12,EMP005
58,2025-05-12,2025-05-14,2025-05-15,2025-05-16,Restock,17,EMP018
59,2025-03-29,2025-03-30,2025-03-31,2025-04-04,Restock,12,EMP007
60,2025-03-20,2025-03-20,2025-03-21,2025-03-25,Restock,15,EMP014
61,2025-04-11,2025-04-12,2025-04-13,2025-04-16,Restock,27,EMP016
62,2025-05-21,2025-05-21,2025-05-22,2025-05-26,Restock,25,EMP006
63,2025-04-01,2025-04-01,2025-04-02,2025-04-04,Restock,24,EMP018
64,2025-05-15,2025-05-16,2025-05-17,2025-05-20,Dispose,26,EMP012
65,2025-03-09,2025-03-11,2025-03-12,2025-03-16,Restock,19,EMP016
66,2025-04-27,2025-04-28,2025-04-29,2025-04-30,Restock,25,EMP001
67,2025-04-08,2025-04-08,2025-04-09,2025-04-11,Restock,15,EMP012
68,2025-04-03,2025-04-03,2025-04-04,2025-04-08,Restock,19,EMP013
69,2025-04-25,2025-04-26,2025-04-27,2025-04-29,Refurbish,21,EMP002
70,2025-04-22,2025-04-23,2025-04-24,2025-04-26,Restock,22,EMP012
71,2025-04-26,2025-04-27,2025-04-28,2025-04-30,Restock,23,EMP005
72,2025-03-28,2025-03-29,2025-03-30,2025-04-01,Restock,27,EMP005
73,2025-03-25,2025-03-25,2025-03-26,2025-03-29,Refurbish,18,EMP020
74,2025-04-03,2025-04-05,2025-04-06,2025-04-08,Restock,27,EMP014
75,2025-05-12,2025-05-14,2025-05-15,2025-05-17,Dispose,15,EMP012
76,2025-04-19,2025-04-21,2025-04-22,2025-04-26,Refurbish,29,EMP016
77,2025-04-30,2025-04-30,2025-05-01,2025-05-02,Restock,13,EMP005
78,2025-04-06,2025-04-07,2025-04-08,2025-04-12,Dispose,28,EMP007
79,2025-05-14,2025-05-16,2025-05-17,2025-05-18,Restock,20,EMP009
80,2025-04-02,2025-04-04,2025-04-05,2025-04-08,Restock,23,EMP013
81,2025-04-05,2025-04-05,2025-04-06,2025-04-08,Refurbish,24,EMP020
82,2025-05-09,2025-05-09,2025-05-10,2025-05-13,Restock,18,EMP007
83,2025-03-24,2025-03-25,2025-03-26,2025-03-29,Dispose,16,EMP017
84,2025-04-22,2025-04-22,2025-04-23,2025-04-26,Refurbish,22,EMP011
85,2025-04-11,2025-04-11,2025-04-12,2025-04-15,Restock,11,EMP013
86,2025-04-26,2025-04-27,2025-04-28,2025-04-30,Dispose,17,EMP017
87,2025-03-14,2025-03-15,2025-03-16,2025-03-19,Restock,21,EMP007
88,2025-04-13,2025-04-14,2025-04-15,2025-04-20,Dispose,20,EMP013
89,2025-05-06,2025-05-08,2025-05-09,2025-05-12,Restock,18,EMP020
90,2025-03-26,2025-03-27,2025-03-28,2025-03-31,Restock,12,EMP006
91,2025-07-17,2025-07-19,2025-07-20,2025-07-22,Dispose,29,EMP016
92,2025-06-26,2025-06-26,2025-06-27,2025-07-02,Refurbish,28,EMP015
93,2025-06-13,2025-06-15,2025-06-16,2025-06-19,Restock,8,EMP007
94,2025-07-07,2025-07-08,2025-07-09,2025-07-13,Restock,16,EMP003
95,2025-06-28,2025-06-30,2025-07-01,2025-07-04,Dispose,18,EMP016
96,2025-06-20,2025-06-20,2025-06-21,2025-06-24,Dispose,17,EMP013
97,2025-06-17,2025-06-19,2025-06-20,2025-06-23,Restock,24,EMP013
98,2025-05-19,2025-05-20,2025-05-21,2025-05-23,Restock,24,EMP014
99,2025-07-06,2025-07-08,2025-07-09,2025-07-11,Refurbish,22,EMP020
100,2025-07-04,2025-07-06,2025-07-07,2025-07-11,Restock,11,EMP014
101,2025-07-21,2025-07-21,2025-07-22,2025-07-26,Refurbish,22,EMP008
102,2025-07-07,2025-07-09,2025-07-10,2025-07-12,Restock,20,EMP014
103,2025-06-10,2025-06-12,2025-06-13,2025-06-18,Restock,18,EMP009
104,2025-06-02,2025-06-04,2025-06-05,2025-06-09,Restock,23,EMP001
105,2025-07-01,2025-07-03,2025-07-04,2025-07-07,Dispose,28,EMP014
106,2025-05-29,2025-05-29,2025-05-30,2025-06-02,Restock,20,EMP005
107,2025-07-05,2025-07-07,2025-07-08,2025-07-11,Dispose,20,EMP013
108,2025-06-20,2025-06-22,2025-06-23,2025-06-26,Dispose,25,EMP017
109,2025-06-23,2025-06-24,2025-06-25,2025-06-29,Restock,17,EMP016
110,2025-06-24,2025-06-26,2025-06-27,2025-06-30,Dispose,24,EMP018
111,2025-06-06,2025-06-07,2025-06-08,2025-06-12,Restock,21,EMP020
112,2025-06-01,2025-06-01,2025-06-02,2025-06-04,Refurbish,16,EMP008
113,2025-07-22,2025-07-22,2025-07-23,2025-07-26,Restock,24,EMP005
114,2025-05-31,2025-06-02,2025-06-03,2025-06-06,Restock,21,EMP019
115,2025-07-07,2025-07-07,2025-07-08,2025-07-13,Restock,25,EMP001
116,2025-07-15,2025-07-16,2025-07-17,2025-07-18,Restock,23,EMP008
117,2025-07-05,2025-07-07,2025-07-08,2025-07-12,Restock,24,EMP008
118,2025-05-28,2025-05-29,2025-05-30,2025-06-01,Refurbish,19,EMP019
119,2025-06-07,2025-06-08,2025-06-09,2025-06-11,Restock,13,EMP003
120,2025-06-23,2025-06-23,2025-06-24,2025-06-26,Restock,20,EMP009
121,2025-07-19,2025-07-21,2025-07-22,2025-07-25,Restock,23,EMP005
122,2025-05-28,2025-05-28,2025-05-29,2025-05-30,Restock,8,EMP004
123,2025-06-13,2025-06-13,2025-06-14,2025-06-17,Dispose,30,EMP017
124,2025-05-18,2025-05-20,2025-05-21,2025-05-23,Dispose,28,EMP015
125,2025-06-30,2025-06-30,2025-07-01,2025-07-04,Refurbish,10,EMP002
126,2025-06-15,2025-06-17,2025-06-18,2025-06-21,Restock,22,EMP018
127,2025-06-16,2025-06-17,2025-06-18,2025-06-20,Restock,27,EMP015
128,2025-05-27,2025-05-29,2025-05-30,2025-06-03,Restock,26,EMP002
129,2025-06-27,2025-06-28,2025-06-29,2025-06-30,Restock,24,EMP018
130,2025-06-24,2025-06-25,2025-06-26,2025-06-29,Restock,30,EMP017
131,2025-07-20,2025-07-22,2025-07-23,2025-07-24,Restock,20,EMP011
132,2025-06-13,2025-06-13,2025-06-14,2025-06-15,Restock,8,EMP006
133,2025-06-25,2025-06-27,2025-06-28,2025-06-29,Restock,19,EMP008
134,2025-05-21,2025-05-22,2025-05-23,2025-05-27,Refurbish,25,EMP008
135,2025-06-24,2025-06-26,2025-06-27,2025-06-29,Restock,24,EMP013
136,2025-07-17,2025-07-17,2025-07-18,2025-07-19,Restock,22,EMP009
137,2025-08-02,2025-08-02,2025-08-03,2025-08-04,Restock,23,EMP007
138,2025-08-22,2025-08-23,2025-08-24,2025-08-27,Restock,10,EMP013
139,2025-09-05,2025-09-06,2025-09-07,2025-09-09,Restock,26,EMP004
140,2025-08-07,2025-08-07,2025-08-08,2025-08-11,Dispose,23,EMP008
141,2025-07-28,2025-07-28,2025-07-29,2025-07-31,Refurbish,24,EMP007
142,2025-07-23,2025-07-25,2025-07-26,2025-07-28,Refurbish,13,EMP005
143,2025-07-22,2025-07-22,2025-07-23,2025-07-28,Restock,21,EMP019
144,2025-08-17,2025-08-18,2025-08-19,2025-08-21,Restock,20,EMP002
145,2025-07-16,2025-07-18,2025-07-19,2025-07-24,Dispose,10,EMP012
146,2025-08-28,2025-08-30,2025-08-31,2025-09-02,Restock,30,EMP007
147,2025-09-18,2025-09-19,2025-09-20,2025-09-23,Dispose,25,EMP001
148,2025-08-28,2025-08-28,2025-08-29,2025-09-01,Restock,16,EMP015
149,2025-07-28,2025-07-30,2025-07-31,2025-08-01,Restock,18,EMP003
150,2025-08-21,2025-08-23,2025-08-24,2025-08-25,Restock,30,EMP019
151,2025-08-16,2025-08-17,2025-08-18,2025-08-21,Restock,24,EMP016
152,2025-08-28,2025-08-29,2025-08-30,2025-09-01,Restock,14,EMP004
153,2025-09-06,2025-09-08,2025-09-09,2025-09-11,Restock,22,EMP007
154,2025-09-03,2025-09-03,2025-09-04,2025-09-06,Restock,18,EMP014
155,2025-08-30,2025-08-31,2025-09-01,2025-09-04,Restock,26,EMP010
156,2025-07-24,2025-07-25,2025-07-26,2025-07-31,Restock,13,EMP006
157,2025-08-12,2025-08-13,2025-08-14,2025-08-19,Refurbish,23,EMP009
158,2025-09-15,2025-09-16,2025-09-17,2025-09-21,Restock,24,EMP007
159,2025-08-28,2025-08-30,2025-08-31,2025-09-02,Refurbish,25,EMP017
160,2025-09-15,2025-09-16,2025-09-17,2025-09-20,Dispose,18,EMP013
161,2025-09-02,2025-09-04,2025-09-05,2025-09-07,Restock,24,EMP012
162,2025-09-01,2025-09-02,2025-09-03,2025-09-05,Dispose,23,EMP012
163,2025-08-12,2025-08-12,2025-08-13,2025-08-16,Dispose,17,EMP016
164,2025-08-24,2025-08-26,2025-08-27,2025-08-29,Dispose,14,EMP010
165,2025-07-20,2025-07-22,2025-07-23,2025-07-25,Refurbish,18,EMP019
166,2025-09-06,2025-09-06,2025-09-07,2025-09-10,Restock,23,EMP002
167,2025-07-25,2025-07-26,2025-07-27,2025-07-29,Refurbish,25,EMP007
168,2025-07-29,2025-07-30,2025-07-31,2025-08-03,Refurbish,17,EMP011
169,2025-08-06,2025-08-07,2025-08-08,2025-08-10,Restock,21,EMP001
170,2025-08-23,2025-08-25,2025-08-26,2025-08-30,Restock,24,EMP019
171,2025-08-31,2025-09-02,2025-09-03,2025-09-04,Restock,16,EMP007
172,2025-08-07,2025-08-07,2025-08-08,2025-08-11,Dispose,22,EMP013
173,2025-08-23,2025-08-25,2025-08-26,2025-08-29,Refurbish,15,EMP017
174,2025-08-17,2025-08-17,2025-08-18,2025-08-21,Restock,18,EMP017
175,2025-08-17,2025-08-18,2025-08-19,2025-08-20,Restock,19,EMP014
176,2025-07-29,2025-07-29,2025-07-30,2025-08-02,Refurbish,21,EMP018
177,2025-08-19,2025-08-19,2025-08-20,2025-08-22,Restock,12,EMP007
178,2025-08-05,2025-08-07,2025-08-08,2025-08-12,Restock,13,EMP010
179,2025-08-28,2025-08-28,2025-08-29,2025-09-03,Dispose,29,EMP019
180,2025-08-19,2025-08-21,2025-08-22,2025-08-25,Restock,25,EMP003
